PRAGMA foreign_keys=OFF;
BEGIN TRANSACTION;
CREATE TABLE PRODUTOS(
    PRODUTOS_ID INTEGER PRIMARY KEY AUTOINCREMENT,
    PRODUTOS_NOME TEXT NOT NULL,
    PRODUTOS_VALOR TEXT NOT NULL,
    PRODUTOS_LOCAL INTEGER, 

CONSTRAINT PRODUTOS_FK FOREIGN KEY (PRODUTOS_LOCAL) REFERENCES PRATELEIRAS(PRATELEIRAS_LOCAL) ON DELETE RESTRICT
);
INSERT INTO PRODUTOS VALUES(1,'Refrigerante Cola','22',10);
INSERT INTO PRODUTOS VALUES(2,'Refrigerante Guarana','29.5',10);
INSERT INTO PRODUTOS VALUES(3,'Refrigerante Laranja','28',10);
INSERT INTO PRODUTOS VALUES(4,'Refrigerante Abacaxi','1',10);
INSERT INTO PRODUTOS VALUES(5,'Refrigerante Limão','1',10);
INSERT INTO PRODUTOS VALUES(6,'Vinho Tinto Seco ','16',10);
INSERT INTO PRODUTOS VALUES(7,'Vinho Tinto Suave','14.5',10);
INSERT INTO PRODUTOS VALUES(8,'Vinho Branco Seco','23.5',10);
INSERT INTO PRODUTOS VALUES(9,'Vinho Branco Suave','5.5',10);
INSERT INTO PRODUTOS VALUES(10,'Vinho de Pessego','1',10);
INSERT INTO PRODUTOS VALUES(11,'Bitter','10',10);
INSERT INTO PRODUTOS VALUES(12,'Vermuth Tinto','13',10);
INSERT INTO PRODUTOS VALUES(13,'Vermuth Branco','16',10);
INSERT INTO PRODUTOS VALUES(14,'Vodka Orloff','29.5',10);
INSERT INTO PRODUTOS VALUES(15,'Vodka Sminorff','15.6',10);
INSERT INTO PRODUTOS VALUES(16,'Whisky red Label','16',10);
INSERT INTO PRODUTOS VALUES(17,'Whisky Black Label','8.5',10);
INSERT INTO PRODUTOS VALUES(18,'Velho Barreiro','4',10);
INSERT INTO PRODUTOS VALUES(19,'Cerveja Bhrama 600Ml','10',10);
INSERT INTO PRODUTOS VALUES(20,'Cerveja Bhrama lata','5.6',10);
INSERT INTO PRODUTOS VALUES(21,'Cerveja Skol 600Ml','2.3',10);
INSERT INTO PRODUTOS VALUES(22,'Cerveja Skol lata','22',10);
INSERT INTO PRODUTOS VALUES(23,'Cerveja Bohemia 600Ml','7',10);
INSERT INTO PRODUTOS VALUES(24,'Cerveja Bohemia Lata','29.9',10);
INSERT INTO PRODUTOS VALUES(25,'Cerveja Stella 200Ml','20',10);
INSERT INTO PRODUTOS VALUES(26,'Cerveja Stella Lata','7.3',10);
INSERT INTO PRODUTOS VALUES(27,'Cerveja Quilmes 1L','21.2',10);
INSERT INTO PRODUTOS VALUES(28,'Cerveja Patricia 1L','11',10);
INSERT INTO PRODUTOS VALUES(29,'Cerveja Budwieser Lata','23.8',10);
INSERT INTO PRODUTOS VALUES(30,'Cerveja Original 600Ml','26.5',10);
INSERT INTO PRODUTOS VALUES(31,'Cerveja Corona 300ML','4',10);
INSERT INTO PRODUTOS VALUES(32,'Cerveja caracu Preta lata','23.5',10);
INSERT INTO PRODUTOS VALUES(33,'Cerveja Caracu Long Neck','8.6',10);
INSERT INTO PRODUTOS VALUES(34,'Cerveja Heineken 330ml','23',10);
INSERT INTO PRODUTOS VALUES(35,'Cerveja Heineken 600ml','9',10);
INSERT INTO PRODUTOS VALUES(36,'Bala Suspense  700g','5.7',2);
INSERT INTO PRODUTOS VALUES(37,'Bala de Banana 700g','15.8',2);
INSERT INTO PRODUTOS VALUES(38,'Bala Cereja 700g','3.4',2);
INSERT INTO PRODUTOS VALUES(39,'Bala Azedinha 700g','20.2',2);
INSERT INTO PRODUTOS VALUES(40,'Choc. Prestigio Cx16','14.8',2);
INSERT INTO PRODUTOS VALUES(41,'Choc. Sensação Cx16','1',2);
INSERT INTO PRODUTOS VALUES(42,'Choc. Chokito Cx16','26',2);
INSERT INTO PRODUTOS VALUES(43,'Choc. Suflair Cx16','12',2);
INSERT INTO PRODUTOS VALUES(44,'Choc. Charge Cx16','17',2);
INSERT INTO PRODUTOS VALUES(45,'Bombom Sonho de valsa 1kg','14',2);
INSERT INTO PRODUTOS VALUES(46,'Bombom Ouro Branco 1KG','3.5',2);
INSERT INTO PRODUTOS VALUES(47,'Salgadinho Bacon 70Gr','6.5',1);
INSERT INTO PRODUTOS VALUES(48,'Salgadinho Pizza 70Gr','8.9',1);
INSERT INTO PRODUTOS VALUES(49,'Salgadinho Cebola 70Gr','20',1);
INSERT INTO PRODUTOS VALUES(50,'Salgadinho Queijo 70Gr','21',1);
INSERT INTO PRODUTOS VALUES(51,'Pipoca Doce','28',1);
INSERT INTO PRODUTOS VALUES(52,'Pipoca Salgada','27.5',1);
INSERT INTO PRODUTOS VALUES(53,'Paçoca Santa Helena 110Un','23.6',2);
INSERT INTO PRODUTOS VALUES(54,'Paçoca Santa Helena 65Un','21.3',2);
INSERT INTO PRODUTOS VALUES(55,'Amendoim S/Pele','19',3);
INSERT INTO PRODUTOS VALUES(56,'Amendoim C/Pele','16',3);
INSERT INTO PRODUTOS VALUES(57,'Amendoim Japones','13.2',3);
INSERT INTO PRODUTOS VALUES(58,'Amendoim C/ Chocolate','14.99',3);
INSERT INTO PRODUTOS VALUES(59,'Amendoim Pasta Integral 500g','1',3);
INSERT INTO PRODUTOS VALUES(60,'Bolacha recheada Morango 90g','2.65',7);
INSERT INTO PRODUTOS VALUES(61,'Bolacha recheada Chocolate 90g','1.99',7);
INSERT INTO PRODUTOS VALUES(62,'Bolacha recheada Limao 90g','4.68',7);
INSERT INTO PRODUTOS VALUES(63,'Bolacha recheada Creme 90g','22',7);
INSERT INTO PRODUTOS VALUES(64,'Bolacha Cream Craker 110G','1',7);
INSERT INTO PRODUTOS VALUES(65,'Bolacha Salgada 110G','13.86',7);
INSERT INTO PRODUTOS VALUES(66,'Bolacha Amanteigada 110G','22',7);
INSERT INTO PRODUTOS VALUES(67,'Bolacha Amendoim 110g','7.45',7);
INSERT INTO PRODUTOS VALUES(68,'Bolacha de Coco 110','9.32',7);
INSERT INTO PRODUTOS VALUES(69,'Bolacha de Milho 110g','4.99',7);
INSERT INTO PRODUTOS VALUES(70,'Sabão em PO ','3.99',5);
INSERT INTO PRODUTOS VALUES(71,'Sabao Liquido','13',5);
INSERT INTO PRODUTOS VALUES(72,'Agua Sanitaria 5L','7',5);
INSERT INTO PRODUTOS VALUES(73,'Amaciante 5L','10',5);
INSERT INTO PRODUTOS VALUES(74,'Desinfetante 5L','10',5);
INSERT INTO PRODUTOS VALUES(75,'Detergente Liquido 5L','1',5);
INSERT INTO PRODUTOS VALUES(76,'Papel Higienico 24UN','25',5);
INSERT INTO PRODUTOS VALUES(77,'Papel Higienico 12Un','2.89',5);
INSERT INTO PRODUTOS VALUES(78,'Papel Higienico 48UN','6.79',5);
INSERT INTO PRODUTOS VALUES(79,'Toalha Papel 1000UN','16',5);
INSERT INTO PRODUTOS VALUES(80,'Papel Toalha C/4','4.32',5);
INSERT INTO PRODUTOS VALUES(81,'Guardanapo C 24Un','22',5);
INSERT INTO PRODUTOS VALUES(82,'Guardanapo CX','6.23',5);
INSERT INTO PRODUTOS VALUES(83,'Filtro de cafe CX 100UN','7.89',1);
INSERT INTO PRODUTOS VALUES(84,'Arroz 1Kg','14.37',1);
INSERT INTO PRODUTOS VALUES(85,'Arroz 5K','4',1);
INSERT INTO PRODUTOS VALUES(86,'Feijao Branco 1K','16.85',1);
INSERT INTO PRODUTOS VALUES(87,'Feijao Preto 1K','17.32',1);
INSERT INTO PRODUTOS VALUES(88,'Feijao carioquinha 1K','19',1);
INSERT INTO PRODUTOS VALUES(89,'Macarrao Espaguete 500GR','1',10);
INSERT INTO PRODUTOS VALUES(90,'Macarrao Pene 500GR','1.99',10);
INSERT INTO PRODUTOS VALUES(91,'Macarrao 500GR','23.5',10);
INSERT INTO PRODUTOS VALUES(92,'Oleo de Oliva 750ML','14.5',9);
INSERT INTO PRODUTOS VALUES(93,'Azeite 900ML','26.67',9);
INSERT INTO PRODUTOS VALUES(94,'Tempero Completo 200Gr','5.32',9);
INSERT INTO PRODUTOS VALUES(95,'Tempero Completo C Pimenta 200Gr','20.49',9);
INSERT INTO PRODUTOS VALUES(96,'Maionese 500GR','12.52',8);
INSERT INTO PRODUTOS VALUES(97,'Maionese 200Gr','16.82',8);
INSERT INTO PRODUTOS VALUES(98,'Margarina 400GR','1.62',8);
INSERT INTO PRODUTOS VALUES(99,'Margarina 150GR','25',8);
INSERT INTO PRODUTOS VALUES(100,'Extrato de tomate 90GR','16.8',8);
INSERT INTO PRODUTOS VALUES(101,'Extrato de tomate 45GR','20.3',8);
INSERT INTO PRODUTOS VALUES(102,'Atum ','23.3',1);
INSERT INTO PRODUTOS VALUES(103,'Sardinha','29.99',1);
INSERT INTO PRODUTOS VALUES(104,'Milho Ervilha ','30.99',1);
INSERT INTO PRODUTOS VALUES(105,'Milho ','2.65',1);
INSERT INTO PRODUTOS VALUES(106,'Ervilha','4.99',1);
INSERT INTO PRODUTOS VALUES(107,'Salsicha enlatada','3.99',1);
INSERT INTO PRODUTOS VALUES(108,'Salsicha de Frango ','0.99',1);
INSERT INTO PRODUTOS VALUES(109,'Farofa C/ Pimenta 90GR','3.56',1);
INSERT INTO PRODUTOS VALUES(110,'Farofa Churrasco 90GR','10',1);
INSERT INTO PRODUTOS VALUES(111,'Farofa Tradicional 90Gr','8.6',1);
INSERT INTO PRODUTOS VALUES(112,'Farofa Costela 90Gr','19',1);
INSERT INTO PRODUTOS VALUES(113,'Farinha doce 1K','5.6',6);
INSERT INTO PRODUTOS VALUES(114,'Farinha Azeda 1K','16',6);
INSERT INTO PRODUTOS VALUES(115,'Cafe Tradicional 500G','8.99',6);
INSERT INTO PRODUTOS VALUES(116,'Cafe Extra Forte 500G','7.99',6);
INSERT INTO PRODUTOS VALUES(117,'Cafe em capsula CX 16','21.99',6);
INSERT INTO PRODUTOS VALUES(118,'Leite 1L Integral','1',6);
INSERT INTO PRODUTOS VALUES(119,'Leite 1L Desnatado','8.55',6);
INSERT INTO PRODUTOS VALUES(120,'Leite 1L Semi Desnatado','28',6);
INSERT INTO PRODUTOS VALUES(121,'Achocolatado 1L ','28',7);
INSERT INTO PRODUTOS VALUES(122,'Achocolatado PO 400Gr','22',7);
INSERT INTO PRODUTOS VALUES(123,'Cha de Erva Doce 90Gr','19',7);
INSERT INTO PRODUTOS VALUES(124,'Cha Cascara Sagrada 90G','22',7);
INSERT INTO PRODUTOS VALUES(125,'Cha Hortela 90g','14.36',7);
INSERT INTO PRODUTOS VALUES(126,'Cha Verde 90G','1',7);
INSERT INTO PRODUTOS VALUES(127,'Cha Preto 90G','1',7);
INSERT INTO PRODUTOS VALUES(128,'Cha Carqueja 90G','25',7);
INSERT INTO PRODUTOS VALUES(129,'Fruta Uva 500Gr','19',8);
INSERT INTO PRODUTOS VALUES(130,'Fruta Abacaxi UN','25',8);
INSERT INTO PRODUTOS VALUES(131,'Fruta Laranja 500Gr','26.99',8);
INSERT INTO PRODUTOS VALUES(132,'Fruta Morango Bandeja','19',8);
INSERT INTO PRODUTOS VALUES(133,'Fruta Melancia Un','1.56',8);
INSERT INTO PRODUTOS VALUES(134,'Fruta Maça 500GR','7',8);
INSERT INTO PRODUTOS VALUES(135,'Fruta Acerola 500Gr','4',8);
INSERT INTO PRODUTOS VALUES(136,'Fruta Jabuticaba 500Gr','25',8);
INSERT INTO PRODUTOS VALUES(137,'Fruta Goiaba 500Gr','23.96',8);
INSERT INTO PRODUTOS VALUES(138,'Carne Picanha KG','11.99',9);
INSERT INTO PRODUTOS VALUES(139,'Carne Maminha KG','20.5',9);
INSERT INTO PRODUTOS VALUES(140,'Carne Contra File KG','10',9);
INSERT INTO PRODUTOS VALUES(141,'Carne Costela KG','11.5',9);
INSERT INTO PRODUTOS VALUES(142,'Carne Fraldinha KG','6.89',9);
INSERT INTO PRODUTOS VALUES(143,'Carne Cochão Duro KG','10',9);
INSERT INTO PRODUTOS VALUES(144,'carne Cochão Mole KG','25',9);
INSERT INTO PRODUTOS VALUES(145,'Carne Cupim KG','13',9);
INSERT INTO PRODUTOS VALUES(146,'Carne Contra File KG','13',9);
INSERT INTO PRODUTOS VALUES(147,'Carne Moida KG','5.69',9);
INSERT INTO PRODUTOS VALUES(148,'Carne de Porco Lombo Kg','19',9);
INSERT INTO PRODUTOS VALUES(149,'Carne de porco Costela KG','13',9);
INSERT INTO PRODUTOS VALUES(150,'Peixe Tilapia KG','18.32',9);
INSERT INTO PRODUTOS VALUES(151,'Peixe File 500GR','25',9);
INSERT INTO PRODUTOS VALUES(152,'Peixe Tainha KG','21.99',9);
INSERT INTO PRODUTOS VALUES(153,'Peixe Salmao KG','23.9',9);
INSERT INTO PRODUTOS VALUES(154,'Salame de frango KG','1',9);
INSERT INTO PRODUTOS VALUES(155,'Salame Misto KG','7',9);
INSERT INTO PRODUTOS VALUES(156,'Salame de Porco KG','11.26',9);
INSERT INTO PRODUTOS VALUES(157,'Carvão 3Kg','28',9);
INSERT INTO PRODUTOS VALUES(158,'Carvão 5Kg','22',9);
INSERT INTO PRODUTOS VALUES(159,'Creme de leite Lt','28',6);
INSERT INTO PRODUTOS VALUES(160,'Leite Condensado LT','25',6);
INSERT INTO PRODUTOS VALUES(161,'Vinagre','7',1);
INSERT INTO PRODUTOS VALUES(162,'Alcool','5.5',1);
INSERT INTO PRODUTOS VALUES(163,'Amido de milho','20.5',1);
INSERT INTO PRODUTOS VALUES(164,'Fermento','17.5',3);
INSERT INTO PRODUTOS VALUES(165,'Sal','13',3);
INSERT INTO PRODUTOS VALUES(166,'Farinha de trigo','1',3);
INSERT INTO PRODUTOS VALUES(167,'Farinha de milho','7',3);
INSERT INTO PRODUTOS VALUES(168,'Gelatina Morango','5.5',3);
INSERT INTO PRODUTOS VALUES(169,'Gelatina Abacaxi','13',2);
INSERT INTO PRODUTOS VALUES(170,'Gelatina Limão','8.99',2);
INSERT INTO PRODUTOS VALUES(171,'Gelatina Framboesa','26.99',2);
INSERT INTO PRODUTOS VALUES(172,'Gelatina Laranja','28',2);
INSERT INTO PRODUTOS VALUES(173,'Cereal de Flocos','7',4);
INSERT INTO PRODUTOS VALUES(174,'Cereal Achocolatado','12.99',4);
INSERT INTO PRODUTOS VALUES(175,'Torrada tradiocinal 100Gr','19',4);
INSERT INTO PRODUTOS VALUES(176,'Torrada Integral 100Gr','8.99',4);
INSERT INTO PRODUTOS VALUES(177,'Torrada de cebola e salça 100Gr','21.99',4);
INSERT INTO PRODUTOS VALUES(178,'Ovos 12Un','10',9);
INSERT INTO PRODUTOS VALUES(179,'Ovos 30Un','4',9);
INSERT INTO PRODUTOS VALUES(180,'Ovos caipira 18Un','6.99',9);
INSERT INTO PRODUTOS VALUES(181,'Shampoo','13.98',4);
INSERT INTO PRODUTOS VALUES(182,'Condicionador','21.89',4);
INSERT INTO PRODUTOS VALUES(183,'Creme para pentear','14.91',4);
INSERT INTO PRODUTOS VALUES(184,'Sabonete ','13.95',4);
INSERT INTO PRODUTOS VALUES(185,'Creme dental','2.65',4);
INSERT INTO PRODUTOS VALUES(186,'Escova de dente','7',4);
INSERT INTO PRODUTOS VALUES(187,'Hidratante Corporal','7.32',4);
INSERT INTO PRODUTOS VALUES(188,'Fralda P','3.65',4);
INSERT INTO PRODUTOS VALUES(189,'Fralda M','8.56',4);
INSERT INTO PRODUTOS VALUES(190,'Fralda G','16',4);
INSERT INTO PRODUTOS VALUES(191,'Fralda GG','28',4);
INSERT INTO PRODUTOS VALUES(192,'Lenço Umidecido','7.62',4);
INSERT INTO PRODUTOS VALUES(193,'Lamina de Barbear','9.21',4);
INSERT INTO PRODUTOS VALUES(194,'Esmalte para unhas','1.58',4);
INSERT INTO PRODUTOS VALUES(195,'Aparador de pontas','2.67',4);
INSERT INTO PRODUTOS VALUES(196,'Alicate de Unha','3.94',4);
INSERT INTO PRODUTOS VALUES(197,'hidratante para o rosto','1',4);
INSERT INTO PRODUTOS VALUES(198,'Hidratante pos barba','10',4);
INSERT INTO PRODUTOS VALUES(199,'Hidratante para barbear','28',4);
INSERT INTO PRODUTOS VALUES(200,'Escova de Cabelo','3.68',4);
CREATE TABLE ATENDENTES(
    ATENDENTES_ID INTEGER PRIMARY KEY AUTOINCREMENT,
    ATENDENTES_NOME TEXT NOT NULL
);
INSERT INTO ATENDENTES VALUES(1,'Dorivaldo');
INSERT INTO ATENDENTES VALUES(2,'Wesley');
INSERT INTO ATENDENTES VALUES(3,'Samira');
INSERT INTO ATENDENTES VALUES(4,'Leonardo');
INSERT INTO ATENDENTES VALUES(5,'Edenilson');
INSERT INTO ATENDENTES VALUES(6,'Carla');
INSERT INTO ATENDENTES VALUES(7,'Laura');
INSERT INTO ATENDENTES VALUES(8,'Hugo');
INSERT INTO ATENDENTES VALUES(9,'Mauricio');
INSERT INTO ATENDENTES VALUES(10,'Ronaldo');
CREATE TABLE CLIENTES(
    CLIENTES_ID INTEGER PRIMARY KEY AUTOINCREMENT,
    CLIENTES_NOME TEXT NOT NULL,
    CLIENTES_FONE TEXT NOT NULL,
    CLIENTES_CPF INTEGER,
    CLIENTES_TOTALDECOMPRAS INTEGER --ITENS_VALORTOTAL
);
INSERT INTO CLIENTES VALUES(1,'Olga Hanke','94 92859-4273',94276558018,'R$ 1.377.45');
INSERT INTO CLIENTES VALUES(2,'Otavio de Souza','92 93979-3586',47226202026,'R$ 1.063.34');
INSERT INTO CLIENTES VALUES(3,'Otto Silva','81 92376-7315',13979821013,'R$ 1.833.52');
INSERT INTO CLIENTES VALUES(4,'Paulo Silva','82 93732-1545',70949758051,'R$ 1.833.52');
INSERT INTO CLIENTES VALUES(5,'Poliana Cardoso','95 93857-4843',40696450046,'R$ 1.394.76');
INSERT INTO CLIENTES VALUES(6,'Raissa Veiga','38 93871-3644',29349184087,'R$ 2.345.34');
INSERT INTO CLIENTES VALUES(7,'Rodrigo Borges','53 93255-1021',6369400041,'R$ 956.40');
INSERT INTO CLIENTES VALUES(8,'Romario Nardino','16 93456-8524',26065962007,'R$ 1.078.18');
INSERT INTO CLIENTES VALUES(9,'Sabrina Costa','96 92670-8284',45872525060,'R$ 2.286.87');
INSERT INTO CLIENTES VALUES(10,'Salete Maros','94 92194-4797',47962658053,'R$ 1.858.76');
INSERT INTO CLIENTES VALUES(11,'Sarah Moraes','97 93000-3184',33247045023,'R$ 2.390.42');
INSERT INTO CLIENTES VALUES(12,'Saulo Bitencourt','63 93615-7772',44133574001,'R$ 2.451.18');
INSERT INTO CLIENTES VALUES(13,'Sergio Pinto','63 92815-8797',69396344010,'R$ 1.387.49');
INSERT INTO CLIENTES VALUES(14,'Sheila Nardino','95 92982-8536',13696551007,'R$ 958.43');
INSERT INTO CLIENTES VALUES(15,'Silvane Drosdek','53 92864-1168',37820621087,'R$ 2.763.41');
INSERT INTO CLIENTES VALUES(16,'Silvio Dutra','54 92684-3474',28033293012,'R$ 2.537.21');
INSERT INTO CLIENTES VALUES(17,'Sonia Hanke','55 92128-6188',39742890030,'R$ 1.514.40');
INSERT INTO CLIENTES VALUES(18,'Soraya Dimas','53 93493-2665',51932900004,'R$ 2.289.73');
INSERT INTO CLIENTES VALUES(19,'Tatiana Salomon','51 93226-4911',15342078059,'R$ 2.426.49');
INSERT INTO CLIENTES VALUES(20,'Teodoro Veiss','55 93689-6837',65642186051,'R$ 2.894.43');
INSERT INTO CLIENTES VALUES(21,'Teresa Nascimento','54 92857-8896',91748328085,'R$ 2.539.82');
INSERT INTO CLIENTES VALUES(22,'Tobias Campos','55 92126-6584',35332994060,'R$ 1.945.63');
INSERT INTO CLIENTES VALUES(23,'Valdemar Pereira','53 92857-2900',75478692034,'R$ 2.478.63');
INSERT INTO CLIENTES VALUES(24,'Valentim Duarte','53 93238-0303',18935942030,'R$ 2.003.80');
INSERT INTO CLIENTES VALUES(25,'Valeria Gomes','98 93311-5124',17913255056,'R$ 3.222.91');
INSERT INTO CLIENTES VALUES(26,'Vanessa Lima','8393442-8328',87372224063,'R$ 2.105.98');
INSERT INTO CLIENTES VALUES(27,'Vitor Velasques','82 92835-6081',26442615030,'R$ 1.975.43');
INSERT INTO CLIENTES VALUES(28,'Vitoria Garcia','55 92151-5131',97976329030,'R$ 2.197.40');
INSERT INTO CLIENTES VALUES(29,'Viviane Cardoso','94 92815-8833',1085424081,'R$ 2.273.42');
INSERT INTO CLIENTES VALUES(30,'Zuleide Lopes','53 93081-2382',84775185055,'R$ 2.078.81');
CREATE TABLE PRATELEIRAS(
    PRATELEIRAS_ID INTEGER PRIMARY KEY AUTOINCREMENT,
    PRATELEIRAS_NOME TEXT NOT NULL,
    PRATELEIRAS_LOCAL TEXT NOT NULL
);
INSERT INTO PRATELEIRAS VALUES(1,'Salgados','corredor 1');
INSERT INTO PRATELEIRAS VALUES(2,'Doces','corredor 2');
INSERT INTO PRATELEIRAS VALUES(3,'Frios ','corredor 3');
INSERT INTO PRATELEIRAS VALUES(4,'Higiene e beleza','corredor 4');
INSERT INTO PRATELEIRAS VALUES(5,'Limpeza','corredor 5');
INSERT INTO PRATELEIRAS VALUES(6,'Latcinios ','corredor 6');
INSERT INTO PRATELEIRAS VALUES(7,'Biscoitos','corredor 7');
INSERT INTO PRATELEIRAS VALUES(8,'Hortifruti ','corredor 8');
INSERT INTO PRATELEIRAS VALUES(9,'Carnes','corredor 9');
INSERT INTO PRATELEIRAS VALUES(10,'Bebidas','corredor 10');
CREATE TABLE ITENS_NOTA(
    ITENS_ID INTEGER PRIMARY KEY AUTOINCREMENT,
    ITENS_SEQUENCIA INTEGER,
    ITENS_PRODUTO TEXT NOT NULL, --PRODUTOS_NOME_ID
    ITENS_NUMERONOTA INTEGER,
    ITENS_QUANTIDADE INTEGER,
    ITENS_VALORUNID TEXT NOT NULL,
    ITENS_VALORTOTAL TEXT NOT NULL
);
INSERT INTO ITENS_NOTA VALUES(1,1000,'1',1,1,'22','22');
INSERT INTO ITENS_NOTA VALUES(2,1001,'2',1,1,'29.5','29.5');
INSERT INTO ITENS_NOTA VALUES(3,1002,'27',1,1,'21.2','21.2');
INSERT INTO ITENS_NOTA VALUES(4,1003,'28',1,6,'11','66');
INSERT INTO ITENS_NOTA VALUES(5,1004,'29',1,6,'23.8','142.8');
INSERT INTO ITENS_NOTA VALUES(6,1005,'30',1,6,'26.5','159');
INSERT INTO ITENS_NOTA VALUES(7,1006,'41',1,2,'1','2');
INSERT INTO ITENS_NOTA VALUES(8,1007,'42',1,1,'26','26');
INSERT INTO ITENS_NOTA VALUES(9,1008,'43',1,2,'12','24');
INSERT INTO ITENS_NOTA VALUES(10,1009,'44',1,4,'17','68');
INSERT INTO ITENS_NOTA VALUES(11,1010,'55',1,2,'19','38');
INSERT INTO ITENS_NOTA VALUES(12,1011,'56',1,2,'16','32');
INSERT INTO ITENS_NOTA VALUES(13,1012,'57',1,3,'11','33');
INSERT INTO ITENS_NOTA VALUES(14,1013,'58',1,1,'9','9');
INSERT INTO ITENS_NOTA VALUES(15,1014,'85',1,3,'4','12');
INSERT INTO ITENS_NOTA VALUES(16,1015,'86',1,2,'16.85','33.7');
INSERT INTO ITENS_NOTA VALUES(17,1016,'87',1,4,'17.32','69.28');
INSERT INTO ITENS_NOTA VALUES(18,1017,'88',1,2,'19','38');
INSERT INTO ITENS_NOTA VALUES(19,1018,'112',1,4,'19','76');
INSERT INTO ITENS_NOTA VALUES(20,1019,'113',1,2,'5.6','11.2');
INSERT INTO ITENS_NOTA VALUES(21,1020,'114',1,1,'16','16');
INSERT INTO ITENS_NOTA VALUES(22,1021,'115',1,5,'8.99','44.95');
INSERT INTO ITENS_NOTA VALUES(23,1022,'135',1,4,'4','16');
INSERT INTO ITENS_NOTA VALUES(24,1023,'136',1,2,'25','50');
INSERT INTO ITENS_NOTA VALUES(25,1024,'137',1,2,'23.96','47.92');
INSERT INTO ITENS_NOTA VALUES(26,1025,'138',1,10,'11.99','119.9');
INSERT INTO ITENS_NOTA VALUES(27,1026,'159',1,2,'28','56');
INSERT INTO ITENS_NOTA VALUES(28,1027,'160',1,2,'25','50');
INSERT INTO ITENS_NOTA VALUES(29,1028,'161',1,6,'7','42');
INSERT INTO ITENS_NOTA VALUES(30,1029,'162',1,4,'5.5','22');
INSERT INTO ITENS_NOTA VALUES(31,1000,'184',2,6,'13.95','83.7');
INSERT INTO ITENS_NOTA VALUES(32,1001,'185',2,5,'2.65','13.25');
INSERT INTO ITENS_NOTA VALUES(33,1002,'186',2,3,'7','21');
INSERT INTO ITENS_NOTA VALUES(34,1003,'187',2,7,'7.32','51.24');
INSERT INTO ITENS_NOTA VALUES(35,1004,'188',2,15,'3.65','25.55');
INSERT INTO ITENS_NOTA VALUES(36,1005,'189',2,6,'8.56','51.36');
INSERT INTO ITENS_NOTA VALUES(37,1006,'190',2,4,'16','64');
INSERT INTO ITENS_NOTA VALUES(38,1007,'191',2,1,'28','28');
INSERT INTO ITENS_NOTA VALUES(39,1008,'192',2,10,'7.62','76.2');
INSERT INTO ITENS_NOTA VALUES(40,1009,'193',2,4,'9.21','36.84');
INSERT INTO ITENS_NOTA VALUES(41,1010,'194',2,8,'1.58','12.64');
INSERT INTO ITENS_NOTA VALUES(42,1011,'195',2,2,'2.67','5.34');
INSERT INTO ITENS_NOTA VALUES(43,1012,'196',2,1,'3.94','3.94');
INSERT INTO ITENS_NOTA VALUES(44,1013,'197',2,5,'1','5');
INSERT INTO ITENS_NOTA VALUES(45,1014,'198',2,1,'10','10');
INSERT INTO ITENS_NOTA VALUES(46,1015,'199',2,1,'28','28');
INSERT INTO ITENS_NOTA VALUES(47,1016,'200',2,4,'3.68','14.72');
INSERT INTO ITENS_NOTA VALUES(48,1017,'129',2,2,'19','38');
INSERT INTO ITENS_NOTA VALUES(49,1018,'130',2,1,'25','25');
INSERT INTO ITENS_NOTA VALUES(50,1019,'131',2,2,'26.99','53.98');
INSERT INTO ITENS_NOTA VALUES(51,1020,'132',2,3,'19','57');
INSERT INTO ITENS_NOTA VALUES(52,1021,'133',2,5,'1.56','7.8');
INSERT INTO ITENS_NOTA VALUES(53,1022,'134',2,1,'7','7');
INSERT INTO ITENS_NOTA VALUES(54,1023,'135',2,2,'4','8');
INSERT INTO ITENS_NOTA VALUES(55,1024,'136',2,3,'25','75');
INSERT INTO ITENS_NOTA VALUES(56,1025,'137',2,5,'23.96','119.8');
INSERT INTO ITENS_NOTA VALUES(57,1026,'138',2,2,'11.99','23.98');
INSERT INTO ITENS_NOTA VALUES(58,1027,'139',2,2,'20.5','41');
INSERT INTO ITENS_NOTA VALUES(59,1028,'140',2,3,'10','30');
INSERT INTO ITENS_NOTA VALUES(60,1029,'141',2,4,'11.5','46');
INSERT INTO ITENS_NOTA VALUES(61,1000,'184',2,6,'13.95','83.7');
INSERT INTO ITENS_NOTA VALUES(62,1001,'185',2,5,'2.65','13.25');
INSERT INTO ITENS_NOTA VALUES(63,1002,'186',2,3,'7','21');
INSERT INTO ITENS_NOTA VALUES(64,1003,'187',2,7,'7.32','51.24');
INSERT INTO ITENS_NOTA VALUES(65,1004,'188',2,15,'3.65','25.55');
INSERT INTO ITENS_NOTA VALUES(66,1005,'189',2,6,'8.56','51.36');
INSERT INTO ITENS_NOTA VALUES(67,1006,'190',2,4,'16','64');
INSERT INTO ITENS_NOTA VALUES(68,1007,'191',2,1,'28','28');
INSERT INTO ITENS_NOTA VALUES(69,1008,'192',2,10,'7.62','76.2');
INSERT INTO ITENS_NOTA VALUES(70,1009,'193',2,4,'9.21','36.84');
INSERT INTO ITENS_NOTA VALUES(71,1010,'194',2,8,'1.58','12.64');
INSERT INTO ITENS_NOTA VALUES(72,1011,'195',2,2,'2.67','5.34');
INSERT INTO ITENS_NOTA VALUES(73,1012,'196',2,1,'3.94','3.94');
INSERT INTO ITENS_NOTA VALUES(74,1013,'197',2,5,'1','5');
INSERT INTO ITENS_NOTA VALUES(75,1014,'198',2,1,'10','10');
INSERT INTO ITENS_NOTA VALUES(76,1015,'199',2,1,'28','28');
INSERT INTO ITENS_NOTA VALUES(77,1016,'200',2,4,'3.68','14.72');
INSERT INTO ITENS_NOTA VALUES(78,1017,'129',2,2,'19','38');
INSERT INTO ITENS_NOTA VALUES(79,1018,'130',2,1,'25','25');
INSERT INTO ITENS_NOTA VALUES(80,1019,'131',2,2,'26.99','53.98');
INSERT INTO ITENS_NOTA VALUES(81,1020,'132',2,3,'19','57');
INSERT INTO ITENS_NOTA VALUES(82,1021,'133',2,5,'1.56','7.8');
INSERT INTO ITENS_NOTA VALUES(83,1022,'134',2,1,'7','7');
INSERT INTO ITENS_NOTA VALUES(84,1023,'135',2,2,'4','8');
INSERT INTO ITENS_NOTA VALUES(85,1024,'136',2,3,'25','75');
INSERT INTO ITENS_NOTA VALUES(86,1025,'137',2,5,'23.96','119.8');
INSERT INTO ITENS_NOTA VALUES(87,1026,'138',2,2,'11.99','23.98');
INSERT INTO ITENS_NOTA VALUES(88,1027,'139',2,2,'20.5','41');
INSERT INTO ITENS_NOTA VALUES(89,1028,'140',2,3,'10','30');
INSERT INTO ITENS_NOTA VALUES(90,1029,'141',2,4,'11.5','46');
CREATE TABLE NOTA_FISCAL( 
    NOTA_ID INTEGER PRIMARY KEY AUTOINCREMENT,
    NOTA_DATA DATETIME DEFAULT CURRENT_TIMESTAMP,
    NOTA_NUM INTEGER,
    NOTA_CLIENTES INTEGER, --CLIENTES_ID
    NOTA_ATENDENTES INTEGER --ATENDENTES_ID
);
INSERT INTO NOTA_FISCAL VALUES(1,'01/01/2022',1,70,10);
INSERT INTO NOTA_FISCAL VALUES(2,'02/01/2022',2,71,9);
INSERT INTO NOTA_FISCAL VALUES(3,'03/01/2022',3,72,8);
INSERT INTO NOTA_FISCAL VALUES(4,'04/01/2022',4,73,7);
INSERT INTO NOTA_FISCAL VALUES(5,'05/01/2022',5,74,6);
INSERT INTO NOTA_FISCAL VALUES(6,'06/01/2022',6,75,5);
INSERT INTO NOTA_FISCAL VALUES(7,'07/01/2022',7,76,4);
INSERT INTO NOTA_FISCAL VALUES(8,'08/01/2022',8,77,3);
INSERT INTO NOTA_FISCAL VALUES(9,'09/01/2022',9,78,2);
INSERT INTO NOTA_FISCAL VALUES(10,'10/01/2022',10,79,1);
INSERT INTO NOTA_FISCAL VALUES(11,'11/01/2022',11,80,10);
INSERT INTO NOTA_FISCAL VALUES(12,'12/01/2022',12,81,9);
INSERT INTO NOTA_FISCAL VALUES(13,'01/01/2023',13,82,8);
INSERT INTO NOTA_FISCAL VALUES(14,'02/01/2023',14,83,7);
INSERT INTO NOTA_FISCAL VALUES(15,'03/01/2023',15,84,6);
INSERT INTO NOTA_FISCAL VALUES(16,'04/01/2023',16,85,5);
INSERT INTO NOTA_FISCAL VALUES(17,'05/01/2023',17,86,4);
INSERT INTO NOTA_FISCAL VALUES(18,'06/01/2023',18,87,3);
INSERT INTO NOTA_FISCAL VALUES(19,'07/01/2023',19,88,2);
INSERT INTO NOTA_FISCAL VALUES(20,'08/01/2023',20,89,1);
INSERT INTO NOTA_FISCAL VALUES(21,'09/01/2023',21,90,10);
INSERT INTO NOTA_FISCAL VALUES(22,'10/01/2023',22,91,9);
INSERT INTO NOTA_FISCAL VALUES(23,'11/01/2023',23,92,8);
INSERT INTO NOTA_FISCAL VALUES(24,'12/01/2023',24,93,7);
INSERT INTO NOTA_FISCAL VALUES(25,'01/01/2024',25,94,6);
INSERT INTO NOTA_FISCAL VALUES(26,'02/01/2024',26,95,5);
INSERT INTO NOTA_FISCAL VALUES(27,'03/01/2024',27,96,4);
INSERT INTO NOTA_FISCAL VALUES(28,'04/01/2024',28,97,3);
INSERT INTO NOTA_FISCAL VALUES(29,'05/01/2024',29,98,2);
INSERT INTO NOTA_FISCAL VALUES(30,'06/01/2024',30,99,1);
DELETE FROM sqlite_sequence;
INSERT INTO sqlite_sequence VALUES('ATENDENTES',10);
INSERT INTO sqlite_sequence VALUES('PRODUTOS',200);
INSERT INTO sqlite_sequence VALUES('PRATELEIRAS',10);
INSERT INTO sqlite_sequence VALUES('CLIENTES',30);
INSERT INTO sqlite_sequence VALUES('NOTA_FISCAL',30);
INSERT INTO sqlite_sequence VALUES('ITENS_NOTA',90);
COMMIT;
