BEGIN TRANSACTION;

DROP TABLE IF EXISTS ATENDENTES;

CREATE TABLE ATENDENTES(
    ATENDENTES_ID INTEGER PRIMARY KEY AUTOINCREMENT,
    ATENDENTES_NOME TEXT NOT NULL
);

DROP TABLE IF EXISTS PRATELEIRAS;

CREATE TABLE PRATELEIRAS(
    PRATELEIRAS_ID INTEGER PRIMARY KEY AUTOINCREMENT,
    PRATELEIRAS_NOME TEXT NOT NULL,
    PRATELEIRAS_LOCAL TEXT NOT NULL
);

DROP TABLE IF EXISTS PRODUTOS;

CREATE TABLE PRODUTOS(
    PRODUTOS_ID INTEGER PRIMARY KEY AUTOINCREMENT,
    PRODUTOS_NOME TEXT NOT NULL,
    PRODUTOS_VALOR TEXT NOT NULL,
    PRODUTOS_LOCAL INTEGER,
    CONSTRAINT PRODUTOS_FK FOREIGN KEY (PRODUTOS_LOCAL) REFERENCES PRATELEIRAS(PRATELEIRAS_ID) ON DELETE RESTRICT
); 

DROP TABLE IF EXISTS CIDADES;

CREATE TABLE CIDADES(
    CIDADES_ID INTEGER PRIMARY KEY,
    CIDADES_NOME TEXT NOT NULL,
    CIDADES_CEP INTEGER
);

DROP TABLE IF EXISTS CLIENTES;
    
CREATE TABLE CLIENTES(
    CLIENTES_ID INTEGER PRIMARY KEY AUTOINCREMENT,
    CLIENTES_NOME TEXT NOT NULL,
    CLIENTES_FONE TEXT NOT NULL,
    CLIENTES_CPF INTEGER,
    CLIENTES_CIDADES_ID INTEGER,
    CLIENTES_TOTALDECOMPRAS INTEGER,
    CONSTRAINT CLIENTES_FK FOREIGN KEY (CLIENTES_CIDADES_ID) REFERENCES CIDADES(CIDADES_ID) ON DELETE RESTRICT
);

DROP TABLE IF EXISTS NOTA_FISCAL;

CREATE TABLE NOTA_FISCAL( 
    NOTA_ID INTEGER PRIMARY KEY AUTOINCREMENT,
    NOTA_DATA DATETIME DEFAULT CURRENT_TIMESTAMP,
    NOTA_NUM INTEGER,
    NOTA_CLIENTES INTEGER, --CLIENTES_ID
    NOTA_ATENDENTES INTEGER, --ATENDENTES_ID
    CONSTRAINT NOTA_FISCAL_FK FOREIGN KEY (NOTA_CLIENTES) REFERENCES CLIENTES(CLIENTES_ID) ON DELETE RESTRICT
);

DROP TABLE IF EXISTS ITENS_NOTA;

CREATE TABLE ITENS_NOTA(
    ITENS_ID INTEGER PRIMARY KEY AUTOINCREMENT,
    ITENS_SEQUENCIA INTEGER,
    ITENS_PRODUTO TEXT NOT NULL, --PRODUTOS_NOME_ID
    ITENS_NUMERONOTA INTEGER,
    ITENS_QUANTIDADE INTEGER,
    ITENS_VALORUNID TEXT NOT NULL,
    ITENS_VALORTOTAL TEXT NOT NULL,
    CONSTRAINT ITENS_NOTA_FK FOREIGN KEY (ITENS_PRODUTO) REFERENCES PRODUTO(PRODUTOS_NOME) ON DELETE RESTRICT
    CONSTRAINT ITENS_NOTA_FK FOREIGN KEY (ITENS_NUMERONOTA) REFERENCES NOTA_FISCAL(NOTA_NUM) ON DELETE RESTRICT
    CONSTRAINT ITENS_NOTA_FK FOREIGN KEY (ITENS_PRODUTO) REFERENCES PRODUTOS(PRODUTOS_VALOR) ON DELETE RESTRICT
);

COMMIT;

INSERT INTO ATENDENTES (ATENDENTES_NOME)
    VALUES
    ('Dorivaldo'),
    ('Wesley'),
    ('Samira'),
    ('Leonardo'),
    ('Edenilson'),
    ('Carla'),
    ('Laura'),
    ('Hugo'),
    ('Mauricio'),
    ('Ronaldo');


INSERT INTO PRODUTOS (PRODUTOS_NOME, PRODUTOS_VALOR, PRODUTOS_LOCAL)
    VALUES
    ('Refrigerante Cola',22,10),
    ('Refrigerante Guarana',29.5,10),
    ('Refrigerante Laranja',28,10),
    ('Refrigerante Abacaxi',1,10),
    ('Refrigerante Limão',1,10),
    ('Vinho Tinto Seco ',16,10),
    ('Vinho Tinto Suave',14.5,10),
    ('Vinho Branco Seco',23.5,10),
    ('Vinho Branco Suave',5.5,10),
    ('Vinho de Pessego',1,10),
    ('Bitter',10,10),
    ('Vermuth Tinto',13,10),
    ('Vermuth Branco',16,10),
    ('Vodka Orloff',29.5,10),
    ('Vodka Sminorff',15.6,10),
    ('Whisky red Label',16,10),
    ('Whisky Black Label',8.5,10),
    ('Velho Barreiro',4,10),
    ('Cerveja Bhrama 600Ml',10,10),
    ('Cerveja Bhrama lata',5.6,10),
    ('Cerveja Skol 600Ml',2.3,10),
    ('Cerveja Skol lata',22,10),
    ('Cerveja Bohemia 600Ml',7,10),
    ('Cerveja Bohemia Lata',29.9,10),
    ('Cerveja Stella 200Ml',20,10),
    ('Cerveja Stella Lata',7.3,10),
    ('Cerveja Quilmes 1L',21.2,10),
    ('Cerveja Patricia 1L',11,10),
    ('Cerveja Budwieser Lata',23.8,10),
    ('Cerveja Original 600Ml',26.5,10),
    ('Cerveja Corona 300ML',4,10),
    ('Cerveja caracu Preta lata',23.5,10),
    ('Cerveja Caracu Long Neck',8.6,10),
    ('Cerveja Heineken 330ml',23,10),
    ('Cerveja Heineken 600ml',9,10),
    ('Bala Suspense  700g',5.7,2),
    ('Bala de Banana 700g',15.8,2),
    ('Bala Cereja 700g',3.4,2),
    ('Bala Azedinha 700g',20.2,2),
    ('Choc. Prestigio Cx16',14.8,2),
    ('Choc. Sensação Cx16',1,2),
    ('Choc. Chokito Cx16',26,2),
    ('Choc. Suflair Cx16',12,2),
    ('Choc. Charge Cx16',17,2),
    ('Bombom Sonho de valsa 1kg',14,2),
    ('Bombom Ouro Branco 1KG',3.5,2),
    ('Salgadinho Bacon 70Gr',6.5,1),
    ('Salgadinho Pizza 70Gr',8.9,1),
    ('Salgadinho Cebola 70Gr',20,1),
    ('Salgadinho Queijo 70Gr',21,1),
    ('Pipoca Doce',28,1),
    ('Pipoca Salgada',27.5,1),
    ('Paçoca Santa Helena 110Un',23.6,2),
    ('Paçoca Santa Helena 65Un',21.3,2),
    ('Amendoim S/Pele',19,3),
    ('Amendoim C/Pele',16,3),
    ('Amendoim Japones',13.2,3),
    ('Amendoim C/ Chocolate',14.99,3),
    ('Amendoim Pasta Integral 500g',1,3),
    ('Bolacha recheada Morango 90g',2.65,7),
    ('Bolacha recheada Chocolate 90g',1.99,7),
    ('Bolacha recheada Limao 90g',4.68,7),
    ('Bolacha recheada Creme 90g',22,7),
    ('Bolacha Cream Craker 110G',1,7),
    ('Bolacha Salgada 110G',13.86,7),
    ('Bolacha Amanteigada 110G',22,7),
    ('Bolacha Amendoim 110g',7.45,7),
    ('Bolacha de Coco 110',9.32,7),
    ('Bolacha de Milho 110g',4.99,7),
    ('Sabão em PO ',3.99,5),
    ('Sabao Liquido',13,5),
    ('Agua Sanitaria 5L',7,5),
    ('Amaciante 5L',10,5),
    ('Desinfetante 5L',10,5),
    ('Detergente Liquido 5L',1,5),
    ('Papel Higienico 24UN',25,5),
    ('Papel Higienico 12Un',2.89,5),
    ('Papel Higienico 48UN',6.79,5),
    ('Toalha Papel 1000UN',16,5),
    ('Papel Toalha C/4',4.32,5),
    ('Guardanapo C 24Un',22,5),
    ('Guardanapo CX',6.23,5),
    ('Filtro de cafe CX 100UN',7.89,1),
    ('Arroz 1Kg',14.37,1),
    ('Arroz 5K',4,1),
    ('Feijao Branco 1K',16.85,1),
    ('Feijao Preto 1K',17.32,1),
    ('Feijao carioquinha 1K',19,1),
    ('Macarrao Espaguete 500GR',1,10),
    ('Macarrao Pene 500GR',1.99,10),
    ('Macarrao 500GR',23.5,10),
    ('Oleo de Oliva 750ML',14.5,9),
    ('Azeite 900ML',26.67,9),
    ('Tempero Completo 200Gr',5.32,9),
    ('Tempero Completo C Pimenta 200Gr',20.49,9),
    ('Maionese 500GR',12.52,8),
    ('Maionese 200Gr',16.82,8),
    ('Margarina 400GR',1.62,8),
    ('Margarina 150GR',25,8),
    ('Extrato de tomate 90GR',16.8,8),
    ('Extrato de tomate 45GR',20.3,8),
    ('Atum ',23.3,1),
    ('Sardinha',29.99,1),
    ('Milho Ervilha ',30.99,1),
    ('Milho ',2.65,1),
    ('Ervilha',4.99,1),
    ('Salsicha enlatada',3.99,1),
    ('Salsicha de Frango ',0.99,1),
    ('Farofa C/ Pimenta 90GR',3.56,1),
    ('Farofa Churrasco 90GR',10,1),
    ('Farofa Tradicional 90Gr',8.6,1),
    ('Farofa Costela 90Gr',19,1),
    ('Farinha doce 1K',5.6,6),
    ('Farinha Azeda 1K',16,6),
    ('Cafe Tradicional 500G',8.99,6),
    ('Cafe Extra Forte 500G',7.99,6),
    ('Cafe em capsula CX 16',21.99,6),
    ('Leite 1L Integral',1,6),
    ('Leite 1L Desnatado',8.55,6),
    ('Leite 1L Semi Desnatado',28,6),
    ('Achocolatado 1L ',28,7),
    ('Achocolatado PO 400Gr',22,7),
    ('Cha de Erva Doce 90Gr',19,7),
    ('Cha Cascara Sagrada 90G',22,7),
    ('Cha Hortela 90g',14.36,7),
    ('Cha Verde 90G',1,7),
    ('Cha Preto 90G',1,7),
    ('Cha Carqueja 90G',25,7),
    ('Fruta Uva 500Gr',19,8),
    ('Fruta Abacaxi UN',25,8),
    ('Fruta Laranja 500Gr',26.99,8),
    ('Fruta Morango Bandeja',19,8),
    ('Fruta Melancia Un',1.56,8),
    ('Fruta Maça 500GR',7,8),
    ('Fruta Acerola 500Gr',4,8),
    ('Fruta Jabuticaba 500Gr',25,8),
    ('Fruta Goiaba 500Gr',23.96,8),
    ('Carne Picanha KG',11.99,9),
    ('Carne Maminha KG',20.5,9),
    ('Carne Contra File KG',10,9),
    ('Carne Costela KG',11.5,9),
    ('Carne Fraldinha KG',6.89,9),
    ('Carne Cochão Duro KG',10,9),
    ('carne Cochão Mole KG',25,9),
    ('Carne Cupim KG',13,9),
    ('Carne Contra File KG',13,9),
    ('Carne Moida KG',5.69,9),
    ('Carne de Porco Lombo Kg',19,9),
    ('Carne de porco Costela KG',13,9),
    ('Peixe Tilapia KG',18.32,9),
    ('Peixe File 500GR',25,9),
    ('Peixe Tainha KG',21.99,9),
    ('Peixe Salmao KG',23.9,9),
    ('Salame de frango KG',1,9),
    ('Salame Misto KG',7,9),
    ('Salame de Porco KG',11.26,9),
    ('Carvão 3Kg',28,9),
    ('Carvão 5Kg',22,9),
    ('Creme de leite Lt',28,6),
    ('Leite Condensado LT',25,6),
    ('Vinagre',7,1),
    ('Alcool',5.5,1),
    ('Amido de milho',20.5,1),
    ('Fermento',17.5,3),
    ('Sal',13,3),
    ('Farinha de trigo',1,3),
    ('Farinha de milho',7,3),
    ('Gelatina Morango',5.5,3),
    ('Gelatina Abacaxi',13,2),
    ('Gelatina Limão',8.99,2),
    ('Gelatina Framboesa',26.99,2),
    ('Gelatina Laranja',28,2),
    ('Cereal de Flocos',7,4),
    ('Cereal Achocolatado',12.99,4),
    ('Torrada tradiocinal 100Gr',19,4),
    ('Torrada Integral 100Gr',8.99,4),
    ('Torrada de cebola e salça 100Gr',21.99,4),
    ('Ovos 12Un',10,9),
    ('Ovos 30Un',4,9),
    ('Ovos caipira 18Un',6.99,9),
    ('Shampoo',13.98,4),
    ('Condicionador',21.89,4),
    ('Creme para pentear',14.91,4),
    ('Sabonete ',13.95,4),
    ('Creme dental',2.65,4),
    ('Escova de dente',7,4),
    ('Hidratante Corporal',7.32,4),
    ('Fralda P',3.65,4),
    ('Fralda M',8.56,4),
    ('Fralda G',16,4),
    ('Fralda GG',28,4),
    ('Lenço Umidecido',7.62,4),
    ('Lamina de Barbear',9.21,4),
    ('Esmalte para unhas',1.58,4),
    ('Aparador de pontas',2.67,4),
    ('Alicate de Unha',3.94,4),
    ('hidratante para o rosto',1,4),
    ('Hidratante pos barba',10,4),
    ('Hidratante para barbear',28,4),
    ('Escova de Cabelo',3.68,4);

INSERT INTO PRATELEIRAS (PRATELEIRAS_NOME, PRATELEIRAS_LOCAL)
    VALUES
    ('Salgados', 'corredor 1'),
    ('Doces', 'corredor 2'),
    ('Frios ', 'corredor 3'),
    ('Higiene e beleza', 'corredor 4'),
    ('Limpeza', 'corredor 5'),
    ('Latcinios ', 'corredor 6'),
    ('Biscoitos', 'corredor 7'),
    ('Hortifruti ', 'corredor 8'),
    ('Carnes', 'corredor 9'),
    ('Bebidas', 'corredor 10');

INSERT INTO CLIENTES (CLIENTES_NOME, CLIENTES_FONE, CLIENTES_CPF, CLIENTES_TOTALDECOMPRAS, CLIENTES_CIDADES_ID)
    VALUES
    ('Adriana Silva','69 95645-9875',27902260088,0,1),
    ('Agatha Carvalho','84 92456-4910',50466073011,0,2),    
    ('Amanda Ferraz','85 93586-8124',87007808042,0,3),
    ('Ana Brito','41 92281-7543',15423504090,0,4),
    ('Anastacia Moura','82 92240-0554',35055488042,0,4),
    ('Anderson Velasques','22 93123-2381',6196426028,0,3),
    ('Arthur Silva','19 93432-2535',78232299002,0,2),
    ('Beatriz Moraes','93 93089-3451',48744691084,0,1),
    ('Bernardo Dias','61 93543-4527',2159573000,0,3),
    ('Brendo Cardoso','91 92546-1613',17725349006,0,2),
    ('Brianna Pereira','49 93265-8827',77509527058,0,4),
    ('Bruna Costa','68 92684-5762',92100835041,0,1),
    ('Bruna Silva','95 93182-3346',17910335040,0,2),
    ('Bruno Machado','84 92236-4746',12320769021,0,3),
    ('Carlos Pereira','61 93684-5985',35600198000,0,3),
    ('Carlos Silva','38 93668-1379',8264716091,0,1),
    ('Carol Fernandes','91 92123-8144',25136968087,0,1),
    ('Caroline Ferreira','61 92551-7362',28847944090,0,2),
    ('Catia Moura','82 92190-5818',4725151017,0,3),
    ('Celini Pscheidt','87 93723-4981',90190278080,0,4),
    ('Diana Ferraz','96 93347-2717',34094189033,0,4),
    ('Diego Gomes','86 93510-1311',92112340000,0,3),
    ('Dorotea Machado','38 92727-7886',82770934031,0,2),
    ('Elana Lima','85 93692-7793',40932025080,0,1),
    ('Eliane Ferreira','64 92518-7849',46138164083,0,3),
    ('Eloir Gonçalves','77 92843-2492',69367517092,0,2),
    ('Fabiana Pscheidt','99 92864-9447',90354867067,0,4),
    ('Fabio Lopes','63 92640-0757',59243140060,0,1),
    ('Fabricio Rocha','65 92695-3715',21360951024,0,2),
    ('Feliciana Moraes','67 93123-5386',3265768007,0,3),
    ('Fernanda Souza','11 92854-4823',36856847017,0,3),
    ('Gabriel Martins','73 92638-8555',45356052030,0,1),
    ('Gabriel Melo','46 92206-3362',8066340060,0,1),
    ('Gabriela Silva','65 93877-0251',79150013025,0,2),
    ('Gean Moreira','61 93106-0259',87948460063,0,3),
    ('Geovana Monteiro','93 93070-4947',54351201010,0,4),
    ('Hugo Reis','87 93125-6515',37114666055,0,4),
    ('Ian Nascimento','19 93236-0262',28360620024,0,3),
    ('Iara Mendes','89 2418-0516',61559807059,0,2),
    ('Jessica Ribeiro','55 92374-2767',55254791098,0,1),
    ('João Andrade','84 92374-6537',33661672037,0,3),
    ('João Bitencourt','69 92317-7773',92626104086,0,2),
    ('João Pereira','95 93363-2865',17207188064,0,4),
    ('Jonas Almeida','27 92790-4784',53263035070,0,1),
    ('José Alves','55 92809-0167',3579034049,0,2),
    ('Jóse Bachmann','19 92141-3191',79852162004,0,3),
    ('Karina Treml','53 93660-1487',45733584041,0,3),
    ('Larissa Lopes','66 92414-6211',36620161090,0,1),
    ('Leandro Salomon','96 93139-8732',16566740090,0,1),
    ('Leonardo Dutra','86 93414-0612',90221137017,0,2),
    ('Liandra Benicio','67 93711-5940',48131023010,0,3),
    ('Lisa Sonza','83 92815-8969',44094427082,0,4),
    ('Luis Veiss','68 93633-4689',20009683097,0,4),
    ('Luisa Telmann','82 92248-8033',43971278086,0,3),
    ('Marcelo Pereira','69 92305-4376',45575008037,0,2),
    ('Marcia Garcia','94 93353-2245',75896122004,0,1),
    ('Maria Amaro','75 93175-5543',39531639060,0,3),
    ('Maria do Rosario','95 92713-6188',44091224016,0,2),
    ('Maria Ferreira','61 92785-8671',14456623020,0,4),
    ('Maria Machado','47 93752-1824',30189119039,0,1),
    ('Mariana Maros','63 93157-7480',65137646024,0,2),
    ('Morgana Treml','82 92656-8214',26331018018,0,3),
    ('Nadia Telmann','79 93903-2678',97625016080,0,3),
    ('Natali Soares','24 92355-1266',30888114010,0,1),
    ('Natalia Nascimento','38 93839-5372',23909353037,0,1),
    ('Natan Sebastian','93 93348-5453',97429600034,0,2),
    ('Natasha Moraes','62 92475-3652',82169038043,0,3),
    ('Nicolas Ferreira','28 93156-6212',55789221041,0,4),
    ('Nicolly Kwitchsal','21 92463-4876',2721485040,0,4),
    ('Noah Tavares','68 92323-9373',29371236000,0,3),
    ('Olga Hanke','94 92859-4273',94276558018,1377.45,2),
    ('Otavio de Souza','92 93979-3586',47226202026,1063.34,1),
    ('Otto Silva','81 92376-7315',13979821013,1833.52,3),
    ('Paulo Silva','82 93732-1545',70949758051,1833.52,2),
    ('Poliana Cardoso','95 93857-4843',40696450046,1394.76,4),
    ('Raissa Veiga','38 93871-3644',29349184087,2345.34,1),
    ('Rodrigo Borges','53 93255-1021',6369400041,956.4,2),
    ('Romario Nardino','16 93456-8524',26065962007,1078.18,3),
    ('Sabrina Costa','96 92670-8284',45872525060,2286.87,3),
    ('Salete Maros','94 92194-4797',47962658053,1858.76,1),
    ('Sarah Moraes','97 93000-3184',33247045023,2390.42,1),
    ('Saulo Bitencourt','63 93615-7772',44133574001,2451.18,2),
    ('Sergio Pinto','63 92815-8797',69396344010,1387.49,3),
    ('Sheila Nardino','95 92982-8536',13696551007,958.43,4),
    ('Silvane Drosdek','53 92864-1168',37820621087,2763.41,4),
    ('Silvio Dutra','54 92684-3474',28033293012,2537.21,3),
    ('Sonia Hanke','55 92128-6188',39742890030,1514.4,2),
    ('Soraya Dimas','53 93493-2665',51932900004,2289.73,1),
    ('Tatiana Salomon','51 93226-4911',15342078059,2426.49,3),
    ('Teodoro Veiss','55 93689-6837',65642186051,2894.43,2),
    ('Teresa Nascimento','54 92857-8896',91748328085,2539.82,4),
    ('Tobias Campos','55 92126-6584',35332994060,1945.63,1),
    ('Valdemar Pereira','53 92857-2900',75478692034,2478.63,2),
    ('Valentim Duarte','53 93238-0303',18935942030,2003.8,3),
    ('Valeria Gomes','98 93311-5124',17913255056,3222.91,3),
    ('Vanessa Lima','8393442-8328',87372224063,2105.98,1),
    ('Vitor Velasques','82 92835-6081',26442615030,1975.43,1),
    ('Vitoria Garcia','55 92151-5131',97976329030,2197.4,2),
    ('Viviane Cardoso','94 92815-8833',1085424081,2273.42,3),
    ('Zuleide Lopes','53 93081-2382',84775185055,2078.81,4);

    INSERT INTO NOTA_FISCAL(NOTA_DATA, NOTA_NUM, NOTA_CLIENTES, NOTA_ATENDENTES)
    VALUES
    ('01/01/2022',1,70,10),
    ('02/01/2022',2,71,9),
    ('03/01/2022',3,72,8),
    ('04/01/2022',4,73,7),
    ('05/01/2022',5,74,6),
    ('06/01/2022',6,75,5),
    ('07/01/2022',7,76,4),
    ('08/01/2022',8,77,3),
    ('09/01/2022',9,78,2),
    ('10/01/2022',10,79,1),
    ('11/01/2022',11,80,10),
    ('12/01/2022',12,81,9),
    ('01/01/2023',13,82,8),
    ('02/01/2023',14,83,7),
    ('03/01/2023',15,84,6),
    ('04/01/2023',16,85,5),
    ('05/01/2023',17,86,4),
    ('06/01/2023',18,87,3),
    ('07/01/2023',19,88,2),
    ('08/01/2023',20,89,1),
    ('09/01/2023',21,90,10),
    ('10/01/2023',22,91,9),
    ('11/01/2023',23,92,8),
    ('12/01/2023',24,93,7),
    ('01/01/2024',25,94,6),
    ('02/01/2024',26,95,5),
    ('03/01/2024',27,96,4),
    ('04/01/2024',28,97,3),
    ('05/01/2024',29,98,2),
    ('06/01/2024',30,99,1);

INSERT INTO CIDADES(CIDADES_ID,CIDADES_NOME,CIDADES_CEP)
    VALUES
    (1, 'Floripa',88066027),
    (2, 'shark city',88704410),
    (3, 'chapx',89812355),
    (4, 'litle black river',89295000);

INSERT INTO ITENS_NOTA(ITENS_SEQUENCIA, ITENS_PRODUTO, ITENS_NUMERONOTA, ITENS_QUANTIDADE, ITENS_VALORUNID, ITENS_VALORTOTAL)
    VALUES
    (1000,1,1,1,22,22),
    (1001,2,1,1,29.5,29.5),
    (1002,27,1,1,21.2,21.2),
    (1003,28,1,6,11,66),
    (1004,29,1,6,23.8,142.8),
    (1005,30,1,6,26.5,159),
    (1006,41,1,2,1,2),
    (1007,42,1,1,26,26),
    (1008,43,1,2,12,24),
    (1009,44,1,4,17,68),
    (1010,55,1,2,19,38),
    (1011,56,1,2,16,32),
    (1012,57,1,3,11,33),
    (1013,58,1,1,9,9),
    (1014,85,1,3,4,12),
    (1015,86,1,2,16.85,33.7),
    (1016,87,1,4,17.32,69.28),
    (1017,88,1,2,19,38),
    (1018,112,1,4,19,76),
    (1019,113,1,2,5.6,11.2),
    (1020,114,1,1,16,16),
    (1021,115,1,5,8.99,44.95),
    (1022,135,1,4,4,16),
    (1023,136,1,2,25,50),
    (1024,137,1,2,23.96,47.92),
    (1025,138,1,10,11.99,119.9),
    (1026,159,1,2,28,56),
    (1027,160,1,2,25,50),
    (1028,161,1,6,7,42),
    (1029,162,1,4,5.5,22),

    (1000,184,2,6,13.95,83.7),
    (1001,185,2,5,2.65,13.25),
    (1002,186,2,3,7,21),
    (1003,187,2,7,7.32,51.24),
    (1004,188,2,15,3.65,25.55),
    (1005,189,2,6,8.56,51.36),
    (1006,190,2,4,16,64),
    (1007,191,2,1,28,28),
    (1008,192,2,10,7.62,76.2),
    (1009,193,2,4,9.21,36.84),
    (1010,194,2,8,1.58,12.64),
    (1011,195,2,2,2.67,5.34),
    (1012,196,2,1,3.94,3.94),
    (1013,197,2,5,1,5),
    (1014,198,2,1,10,10),
    (1015,199,2,1,28,28),
    (1016,200,2,4,3.68,14.72),
    (1017,129,2,2,19,38),
    (1018,130,2,1,25,25),
    (1019,131,2,2,26.99,53.98),
    (1020,132,2,3,19,57),
    (1021,133,2,5,1.56,7.8),
    (1022,134,2,1,7,7),
    (1023,135,2,2,4,8),
    (1024,136,2,3,25,75),
    (1025,137,2,5,23.96,119.8),
    (1026,138,2,2,11.99,23.98),
    (1027,139,2,2,20.5,41),
    (1028,140,2,3,10,30),
    (1029,141,2,4,11.5,46),

    (1000,96,3,10,12.52,125.2),
    (1001,97,3,1,16.82,16.82),
    (1002,98,3,1,1.62,1.62),
    (1003,99,3,6,25,150),
    (1004,100,3,6,16.8,100.8),
    (1005,101,3,6,20.3,121.8),
    (1006,102,3,2,23.3,46.6),
    (1007,103,3,3,29.99,89.97),
    (1008,104,3,2,30.99,61.98),
    (1009,105,3,4,2.65,10.6),
    (1010,106,3,2,4.99,9.98),
    (1011,107,3,1,3.99,3.99),
    (1012,108,3,7,0.99,6.93),
    (1013,109,3,3,3.56,10.68),
    (1014,110,3,4,10,40),
    (1015,111,3,7,8.6,60.2),
    (1016,112,3,4,19,76),
    (1017,113,3,2,5.6,11.2),
    (1018,114,3,6,16,96),
    (1019,115,3,8,8.99,71.92),
    (1020,116,3,1,7.99,7.99),
    (1021,117,3,5,21.99,109.95),
    (1022,118,3,1,1,1),
    (1023,119,3,7,8.55,59.85),
    (1024,120,3,5,28,140),
    (1025,121,3,5,28,140),
    (1026,122,3,2,22,44),
    (1027,123,3,5,19,95),
    (1028,124,3,3,22,66),
    (1029,125,3,4,14.36,57.44),

    (1000,66,4,3,22,66),
    (1001,67,4,1,7.45,7.45),
    (1002,68,4,1,9.32,9.32),
    (1003,69,4,6,4.99,29.94),
    (1004,70,4,6,3.99,23.94),
    (1005,71,4,6,13,78),
    (1006,72,4,2,7,14),
    (1007,73,4,4,10,40),
    (1008,74,4,2,10,20),
    (1009,75,4,4,1,4),
    (1010,76,4,2,25,50),
    (1011,77,4,2,2.89,5.78),
    (1012,78,4,3,6.79,20.37),
    (1013,79,4,3,16,48),
    (1014,80,4,9,4.32,38.88),
    (1015,81,4,10,22,220),
    (1016,82,4,4,6.23,24.92),
    (1017,83,4,2,7.89,15.78),
    (1018,84,4,1,14.37,14.37),
    (1019,85,4,2,4,8),
    (1020,86,4,4,16.85,67.4),
    (1021,87,4,10,17.32,173.2),
    (1022,88,4,3,19,57),
    (1023,89,4,2,1,2),
    (1024,90,4,1,1.99,1.99),
    (1025,91,4,5,23.5,117.5),
    (1026,92,4,2,14.5,29),
    (1027,93,4,2,26.67,53.34),
    (1028,94,4,3,5.32,15.96),
    (1029,95,4,10,20.49,204.9),

    (1000,184,5,1,13.95,13.95),
    (1001,185,5,1,2.65,2.65),
    (1002,186,5,10,7,70),
    (1003,187,5,6,7.32,43.92),
    (1004,188,5,6,3.65,21.9),
    (1005,189,5,12,8.56,102.72),
    (1006,190,5,2,16,32),
    (1007,191,5,4,28,112),
    (1008,192,5,2,7.62,15.24),
    (1009,193,5,4,9.21,36.84),
    (1010,194,5,2,1.58,3.16),
    (1011,195,5,2,2.67,5.34),
    (1012,196,5,3,3.94,11.82),
    (1013,197,5,3,1,3),
    (1014,198,5,1,10,10),
    (1015,199,5,1,28,28),
    (1016,200,5,4,3.68,14.72),
    (1017,129,5,7,19,133),
    (1018,130,5,1,25,25),
    (1019,131,5,2,26.99,53.98),
    (1020,132,5,8,19,152),
    (1021,133,5,5,1.56,7.8),
    (1022,134,5,1,7,7),
    (1023,135,5,2,4,8),
    (1024,136,5,1,25,25),
    (1025,137,5,5,23.96,119.8),
    (1026,138,5,8,11.99,95.92),
    (1027,139,5,8,20.5,164),
    (1028,140,5,3,10,30),
    (1029,141,5,4,11.5,46),

    (1000,96,6,1,12.52,12.52),
    (1001,97,6,8,16.82,134.56),
    (1002,98,6,5,1.62,44569),
    (1003,99,6,6,25,150),
    (1004,100,6,13,16.8,100.8),
    (1005,101,6,6,20.3,121.8),
    (1006,102,6,5,23.3,116.5),
    (1007,103,6,8,29.99,239.92),
    (1008,104,6,9,30.99,278.91),
    (1009,105,6,1,2.65,2.65),
    (1010,106,6,5,4.99,24.95),
    (1011,107,6,4,3.99,15.96),
    (1012,108,6,7,0.99,6.93),
    (1013,109,6,8,3.56,28.48),
    (1014,110,6,7,10,70),
    (1015,111,6,1,8.6,8.6),
    (1016,112,6,5,19,95),
    (1017,113,6,2,5.6,11.2),
    (1018,114,6,1,16,16),
    (1019,115,6,3,8.99,26.97),
    (1020,116,6,2,7.99,15.98),
    (1021,117,6,3,21.99,65.97),
    (1022,118,6,5,1,5),
    (1023,119,6,6,8.55,51.3),
    (1024,120,6,5,28,140),
    (1025,121,6,2,28,56),
    (1026,122,6,9,22,198),
    (1027,123,6,2,19,38),
    (1028,124,6,8,22,176),
    (1029,125,6,9,14.36,129.24),

    (1000,66,7,1,22,22),
    (1001,67,7,1,7.45,7.45),
    (1002,68,7,1,9.32,9.32),
    (1003,69,7,6,4.99,29.94),
    (1004,70,7,6,3.99,23.94),
    (1005,71,7,6,13,78),
    (1006,72,7,2,7,14),
    (1007,73,7,1,10,10),
    (1008,74,7,2,10,20),
    (1009,75,7,7,1,7),
    (1010,76,7,2,25,50),
    (1011,77,7,2,2.89,5.78),
    (1012,78,7,3,6.79,20.37),
    (1013,79,7,5,16,80),
    (1014,80,7,1,4.32,4.32),
    (1015,81,7,1,22,22),
    (1016,82,7,6,6.23,37.38),
    (1017,83,7,2,7.89,15.78),
    (1018,84,7,1,14.37,14.37),
    (1019,85,7,2,4,8),
    (1020,86,7,4,16.85,67.4),
    (1021,87,7,5,17.32,86.6),
    (1022,88,7,1,19,19),
    (1023,89,7,4,1,4),
    (1024,90,7,1,1.99,1.99),
    (1025,91,7,5,23.5,117.5),
    (1026,92,7,2,14.5,29),
    (1027,93,7,2,26.67,53.34),
    (1028,94,7,3,5.32,15.96),
    (1029,95,7,4,20.49,81.96),

    (1000,184,8,1,13.95,13.95),
    (1001,185,8,1,2.65,2.65),
    (1002,186,8,1,7,7),
    (1003,187,8,6,7.32,43.92),
    (1004,188,8,6,3.65,21.9),
    (1005,189,8,6,8.56,51.36),
    (1006,190,8,2,16,32),
    (1007,191,8,1,28,28),
    (1008,192,8,6,7.62,45.72),
    (1009,193,8,4,9.21,36.84),
    (1010,194,8,2,1.58,3.16),
    (1011,195,8,2,2.67,5.34),
    (1012,196,8,3,3.94,11.82),
    (1013,197,8,3,1,3),
    (1014,198,8,1,10,10),
    (1015,199,8,7,28,196),
    (1016,200,8,4,3.68,14.72),
    (1017,129,8,2,19,38),
    (1018,130,8,5,25,125),
    (1019,131,8,2,26.99,53.98),
    (1020,132,8,1,19,19),
    (1021,133,8,9,1.56,44665),
    (1022,134,8,1,7,7),
    (1023,135,8,2,4,8),
    (1024,136,8,1,25,25),
    (1025,137,8,5,23.96,119.8),
    (1026,138,8,2,11.99,23.98),
    (1027,139,8,2,20.5,41),
    (1028,140,8,3,10,30),
    (1029,141,8,4,11.5,46),

    (1000,1,9,1,22,22),
    (1001,2,9,3,29.5,88.5),
    (1002,27,9,4,21.2,84.8),
    (1003,28,9,6,11,66),
    (1004,29,9,2,23.8,142.8),
    (1005,30,9,4,26.5,106),
    (1006,41,9,5,1,5),
    (1007,42,9,6,26,156),
    (1008,43,9,0,12,0),
    (1009,44,9,1,17,17),
    (1010,55,9,7,19,133),
    (1011,56,9,8,16,128),
    (1012,57,9,9,11,99),
    (1013,58,9,2,9,18),
    (1014,85,9,1,4,4),
    (1015,86,9,7,16.85,117.95),
    (1016,87,9,8,17.32,138.56),
    (1017,88,9,9,19,171),
    (1018,112,9,2,19,38),
    (1019,113,9,1,5.6,5.6),
    (1020,114,9,4,16,64),
    (1021,115,9,7,8.99,62.93),
    (1022,135,9,5,4,20),
    (1023,136,9,2,25,50),
    (1024,137,9,5,23.96,119.8),
    (1025,138,9,7,11.99,83.93),
    (1026,159,9,8,28,224),
    (1027,160,9,2,25,50),
    (1028,161,9,7,7,49),
    (1029,162,9,4,5.5,22),

    (1000,96,10,6,12.52,75.12),
    (1001,97,10,1,16.82,16.82),
    (1002,98,10,8,1.62,12.96),
    (1003,99,10,6,25,150),
    (1004,100,10,2,16.8,100.8),
    (1005,101,10,1,20.3,20.3),
    (1006,102,10,2,23.3,46.6),
    (1007,103,10,7,29.99,209.93),
    (1008,104,10,8,30.99,247.92),
    (1009,105,10,6,2.65,15.9),
    (1010,106,10,2,4.99,9.98),
    (1011,107,10,1,3.99,3.99),
    (1012,108,10,7,0.99,6.93),
    (1013,109,10,8,3.56,28.48),
    (1014,110,10,6,10,60),
    (1015,111,10,12,8.6,103.2),
    (1016,112,10,4,19,76),
    (1017,113,10,7,5.6,39.2),
    (1018,114,10,1,16,16),
    (1019,115,10,8,8.99,71.92),
    (1020,116,10,1,7.99,7.99),
    (1021,117,10,2,21.99,43.98),
    (1022,118,10,2,1,2),
    (1023,119,10,6,8.55,51.3),
    (1024,120,10,1,28,28),
    (1025,121,10,1,28,28),
    (1026,122,10,2,22,44),
    (1027,123,10,8,19,152),
    (1028,124,10,6,22,132),
    (1029,125,10,4,14.36,57.44),

    (1000,1,11,1,22,22),
    (1001,2,11,5,29.5,147.5),
    (1002,27,11,9,21.2,190.8),
    (1003,28,11,5,11,55),
    (1004,29,11,6,23.8,119),
    (1005,30,11,1,26.5,26.5),
    (1006,41,11,6,1,6),
    (1007,42,11,2,26,52),
    (1008,43,11,7,12,84),
    (1009,44,11,8,17,136),
    (1010,55,11,9,19,171),
    (1011,56,11,4,16,64),
    (1012,57,11,2,11,22),
    (1013,58,11,8,9,72),
    (1014,85,11,2,4,8),
    (1015,86,11,6,16.85,101.1),
    (1016,87,11,8,17.32,138.56),
    (1017,88,11,2,19,38),
    (1018,112,11,4,19,76),
    (1019,113,11,8,5.6,44.8),
    (1020,114,11,2,16,32),
    (1021,115,11,1,8.99,8.99),
    (1022,135,11,3,4,12),
    (1023,136,11,9,25,225),
    (1024,137,11,7,23.96,167.72),
    (1025,138,11,5,11.99,59.95),
    (1026,159,11,2,28,56),
    (1027,160,11,8,25,200),
    (1028,161,11,7,7,49),
    (1029,162,11,1,5.5,5.5),

    (1000,1,12,2,22,44),
    (1001,2,12,1,29.5,29.5),
    (1002,27,12,4,21.2,84.8),
    (1003,28,12,8,11,88),
    (1004,29,12,5,23.8,190.4),
    (1005,30,12,6,26.5,159),
    (1006,41,12,2,1,2),
    (1007,42,12,1,26,26),
    (1008,43,12,27,12,324),
    (1009,44,12,4,17,68),
    (1010,55,12,2,19,38),
    (1011,56,12,20,16,320),
    (1012,57,12,3,11,33),
    (1013,58,12,3,9,27),
    (1014,85,12,1,4,4),
    (1015,86,12,10,16.85,168.5),
    (1016,87,12,4,17.32,69.28),
    (1017,88,12,2,19,38),
    (1018,112,12,1,19,19),
    (1019,113,12,2,5.6,11.2),
    (1020,114,12,10,16,160),
    (1021,115,12,5,8.99,44.95),
    (1022,135,12,1,4,4),
    (1023,136,12,2,25,50),
    (1024,137,12,10,23.96,239.6),
    (1025,138,12,5,11.99,59.95),
    (1026,159,12,2,28,56),
    (1027,160,12,2,25,50),
    (1028,161,12,3,7,21),
    (1029,162,12,4,5.5,22),

    (1000,1,13,1,22,22),
    (1001,2,13,1,29.5,29.5),
    (1002,27,13,10,21.2,212),
    (1003,28,13,6,11,66),
    (1004,29,13,6,23.8,142.8),
    (1005,30,13,6,26.5,159),
    (1006,41,13,2,1,2),
    (1007,42,13,1,26,26),
    (1008,43,13,2,12,24),
    (1009,44,13,4,17,68),
    (1010,55,13,2,19,38),
    (1011,56,13,2,16,32),
    (1012,57,13,3,11,33),
    (1013,58,13,3,9,27),
    (1014,85,13,1,4,4),
    (1015,86,13,1,16.85,16.85),
    (1016,87,13,4,17.32,69.28),
    (1017,88,13,2,19,38),
    (1018,112,13,1,19,19),
    (1019,113,13,2,5.6,11.2),
    (1020,114,13,1,16,16),
    (1021,115,13,5,8.99,44.95),
    (1022,135,13,1,4,4),
    (1023,136,13,2,25,50),
    (1024,137,13,1,23.96,23.96),
    (1025,138,13,5,11.99,59.95),
    (1026,159,13,2,28,56),
    (1027,160,13,2,25,50),
    (1028,161,13,3,7,21),
    (1029,162,13,4,5.5,22),

    (1000,184,14,1,13.95,13.95),
    (1001,185,14,1,2.65,2.65),
    (1002,186,14,1,7,7),
    (1003,187,14,6,7.32,43.92),
    (1004,188,14,6,3.65,21.9),
    (1005,189,14,6,8.56,51.36),
    (1006,190,14,2,16,32),
    (1007,191,14,1,28,28),
    (1008,192,14,2,7.62,15.24),
    (1009,193,14,4,9.21,36.84),
    (1010,194,14,2,1.58,3.16),
    (1011,195,14,2,2.67,5.34),
    (1012,196,14,3,3.94,11.82),
    (1013,197,14,3,1,3),
    (1014,198,14,3,10,0),
    (1015,199,14,1,28,28),
    (1016,200,14,4,3.68,14.72),
    (1017,129,14,3,19,57),
    (1018,130,14,4,25,100),
    (1019,131,14,5,26.99,134.95),
    (1020,132,14,1,19,19),
    (1021,133,14,5,1.56,7.8),
    (1022,134,14,1,7,7),
    (1023,135,14,7,4,28),
    (1024,136,14,1,25,25),
    (1025,137,14,5,23.96,119.8),
    (1026,138,14,2,11.99,23.98),
    (1027,139,14,2,20.5,41),
    (1028,140,14,3,10,30),
    (1029,141,14,4,11.5,46),

    (1000,1,15,7,22,154),
    (1001,2,15,9,29.5,265.5),
    (1002,27,15,5,21.2,106),
    (1003,28,15,6,11,66),
    (1004,29,15,24,23.8,142.8),
    (1005,30,15,2,26.5,53),
    (1006,41,15,7,1,7),
    (1007,42,15,9,26,234),
    (1008,43,15,3,12,96),
    (1009,44,15,6,17,102),
    (1010,55,15,3,19,57),
    (1011,56,15,2,16,32),
    (1012,57,15,13,11,143),
    (1013,58,15,3,9,27),
    (1014,85,15,6,4,24),
    (1015,86,15,6,16.85,101.1),
    (1016,87,15,1,17.32,17.32),
    (1017,88,15,7,19,133),
    (1018,112,15,4,19,76),
    (1019,113,15,2,5.6,11.2),
    (1020,114,15,4,16,64),
    (1021,115,15,8,8.99,71.92),
    (1022,135,15,6,4,24),
    (1023,136,15,4,25,100),
    (1024,137,15,9,23.96,215.64),
    (1025,138,15,7,11.99,83.93),
    (1026,159,15,9,28,252),
    (1027,160,15,3,25,75),
    (1028,161,15,1,7,7),
    (1029,162,15,4,5.5,22),

    (1000,1,16,8,22,176),
    (1001,2,16,1,29.5,29.5),
    (1002,27,16,25,21.2,530),
    (1003,28,16,2,11,22),
    (1004,29,16,4,23.8,47.6),
    (1005,30,16,9,26.5,238.5),
    (1006,41,16,8,1,8),
    (1007,42,16,7,26,182),
    (1008,43,16,2,12,24),
    (1009,44,16,2,17,34),
    (1010,55,16,6,19,114),
    (1011,56,16,8,16,128),
    (1012,57,16,1,11,11),
    (1013,58,16,1,9,9),
    (1014,85,16,3,4,12),
    (1015,86,16,2,16.85,33.7),
    (1016,87,16,4,17.32,69.28),
    (1017,88,16,8,19,152),
    (1018,112,16,9,19,171),
    (1019,113,16,3,5.6,16.8),
    (1020,114,16,2,16,32),
    (1021,115,16,4,8.99,35.96),
    (1022,135,16,9,4,36),
    (1023,136,16,3,25,75),
    (1024,137,16,1,23.96,23.96),
    (1025,138,16,8,11.99,95.92),
    (1026,159,16,1,28,28),
    (1027,160,16,5,25,125),
    (1028,161,16,7,7,49),
    (1029,162,16,5,5.5,27.5),

    (1000,184,17,3,13.95,41.85),
    (1001,185,17,1,2.65,2.65),
    (1002,186,17,6,7,42),
    (1003,187,17,3,7.32,21.96),
    (1004,188,17,1,3.65,10.95),
    (1005,189,17,8,8.56,68.48),
    (1006,190,17,9,16,144),
    (1007,191,17,2,28,56),
    (1008,192,17,12,7.62,91.44),
    (1009,193,17,7,9.21,64.47),
    (1010,194,17,12,1.58,18.96),
    (1011,195,17,6,2.67,44608),
    (1012,196,17,1,3.94,3.94),
    (1013,197,17,7,1,7),
    (1014,198,17,8,10,80),
    (1015,199,17,1,28,28),
    (1016,200,17,3,3.68,44662),
    (1017,129,17,6,19,114),
    (1018,130,17,1,25,25),
    (1019,131,17,1,26.99,26.99),
    (1020,132,17,5,19,95),
    (1021,133,17,8,1.56,12.48),
    (1022,134,17,5,7,35),
    (1023,135,17,2,4,8),
    (1024,136,17,1,25,25),
    (1025,137,17,8,23.96,191.68),
    (1026,138,17,1,11.99,11.99),
    (1027,139,17,6,20.5,123),
    (1028,140,17,8,10,80),
    (1029,141,17,5,11.5,57.5),

    (1000,1,18,4,22,88),
    (1001,2,18,8,29.5,236),
    (1002,27,18,6,21.2,127.2),
    (1003,28,18,2,11,22),
    (1004,29,18,12,23.8,47.6),
    (1005,30,18,7,26.5,185.5),
    (1006,41,18,9,1,9),
    (1007,42,18,1,26,26),
    (1008,43,18,3,12,36),
    (1009,44,18,2,17,34),
    (1010,55,18,4,19,76),
    (1011,56,18,8,16,128),
    (1012,57,18,6,11,66),
    (1013,58,18,21,9,189),
    (1014,85,18,3,4,12),
    (1015,86,18,9,16.85,151.65),
    (1016,87,18,4,17.32,69.28),
    (1017,88,18,1,19,19),
    (1018,112,18,2,19,38),
    (1019,113,18,3,5.6,16.8),
    (1020,114,18,9,16,144),
    (1021,115,18,6,8.99,53.94),
    (1022,135,18,3,4,12),
    (1023,136,18,1,25,25),
    (1024,137,18,4,23.96,95.84),
    (1025,138,18,8,11.99,95.92),
    (1026,159,18,5,28,140),
    (1027,160,18,2,25,50),
    (1028,161,18,9,7,63),
    (1029,162,18,6,5.5,33),

    (1000,1,19,12,22,264),
    (1001,2,19,9,29.5,265.5),
    (1002,27,19,6,21.2,127.2),
    (1003,28,19,1,11,11),
    (1004,29,19,2,23.8,23.8),
    (1005,30,19,5,26.5,132.5),
    (1006,41,19,9,1,9),
    (1007,42,19,6,26,156),
    (1008,43,19,3,12,36),
    (1009,44,19,7,17,119),
    (1010,55,19,4,19,76),
    (1011,56,19,1,16,16),
    (1012,57,19,2,11,22),
    (1013,58,19,5,9,45),
    (1014,85,19,8,4,32),
    (1015,86,19,1,16.85,16.85),
    (1016,87,19,4,17.32,69.28),
    (1017,88,19,5,19,95),
    (1018,112,19,6,19,114),
    (1019,113,19,3,5.6,16.8),
    (1020,114,19,2,16,32),
    (1021,115,19,1,8.99,8.99),
    (1022,135,19,8,4,32),
    (1023,136,19,5,25,125),
    (1024,137,19,9,23.96,215.64),
    (1025,138,19,7,11.99,83.93),
    (1026,159,19,6,28,168),
    (1027,160,19,4,25,100),
    (1028,161,19,2,7,14),
    (1029,162,19,0,5.5,0),

    (1000,1,20,15,22,330),
    (1001,2,20,11,29.5,324.5),
    (1002,27,20,7,21.2,148.4),
    (1003,28,20,5,11,55),
    (1004,29,20,3,23.8,119),
    (1005,30,20,9,26.5,238.5),
    (1006,41,20,2,1,2),
    (1007,42,20,1,26,26),
    (1008,43,20,5,12,60),
    (1009,44,20,1,17,17),
    (1010,55,20,7,19,133),
    (1011,56,20,8,16,128),
    (1012,57,20,9,11,99),
    (1013,58,20,3,9,27),
    (1014,85,20,5,4,20),
    (1015,86,20,1,16.85,16.85),
    (1016,87,20,5,17.32,86.6),
    (1017,88,20,3,19,57),
    (1018,112,20,7,19,133),
    (1019,113,20,9,5.6,50.4),
    (1020,114,20,1,16,16),
    (1021,115,20,3,8.99,26.97),
    (1022,135,20,9,4,36),
    (1023,136,20,7,25,175),
    (1024,137,20,5,23.96,119.8),
    (1025,138,20,9,11.99,107.91),
    (1026,159,20,5,28,140),
    (1027,160,20,7,25,175),
    (1028,161,20,3,7,21),
    (1029,162,20,1,5.5,5.5),

    (1000,1,21,6,22,132),
    (1001,2,21,4,29.5,118),
    (1002,27,21,2,21.2,42.4),
    (1003,28,21,2,11,22),
    (1004,29,21,10,23.8,47.6),
    (1005,30,21,2,26.5,53),
    (1006,41,21,8,1,8),
    (1007,42,21,6,26,156),
    (1008,43,21,4,12,48),
    (1009,44,21,10,17,170),
    (1010,55,21,4,19,76),
    (1011,56,21,6,16,96),
    (1012,57,21,8,11,88),
    (1013,58,21,2,9,18),
    (1014,85,21,12,4,48),
    (1015,86,21,10,16.85,168.5),
    (1016,87,21,8,17.32,138.56),
    (1017,88,21,6,19,114),
    (1018,112,21,4,19,76),
    (1019,113,21,2,5.6,11.2),
    (1020,114,21,0,16,0),
    (1021,115,21,2,8.99,17.98),
    (1022,135,21,4,4,16),
    (1023,136,21,6,25,150),
    (1024,137,21,8,23.96,191.68),
    (1025,138,21,10,11.99,119.9),
    (1026,159,21,8,28,224),
    (1027,160,21,6,25,150),
    (1028,161,21,4,7,28),
    (1029,162,21,2,5.5,11),

    (1000,1,22,6,22,132),
    (1001,2,22,5,29.5,147.5),
    (1002,27,22,6,21.2,127.2),
    (1003,28,22,3,11,33),
    (1004,29,22,1,23.8,71.4),
    (1005,30,22,5,26.5,132.5),
    (1006,41,22,2,1,2),
    (1007,42,22,5,26,130),
    (1008,43,22,0,12,0),
    (1009,44,22,6,17,102),
    (1010,55,22,1,19,19),
    (1011,56,22,3,16,48),
    (1012,57,22,1,11,11),
    (1013,58,22,2,9,18),
    (1014,85,22,1,4,4),
    (1015,86,22,8,16.85,134.8),
    (1016,87,22,6,17.32,103.92),
    (1017,88,22,2,19,38),
    (1018,112,22,4,19,76),
    (1019,113,22,9,5.6,50.4),
    (1020,114,22,3,16,48),
    (1021,115,22,2,8.99,17.98),
    (1022,135,22,1,4,4),
    (1023,136,22,5,25,125),
    (1024,137,22,1,23.96,23.96),
    (1025,138,22,3,11.99,35.97),
    (1026,159,22,2,28,56),
    (1027,160,22,8,25,200),
    (1028,161,22,3,7,21),
    (1029,162,22,6,5.5,33),

    (1000,1,23,2,22,44),
    (1001,2,23,8,29.5,236),
    (1002,27,23,7,21.2,148.4),
    (1003,28,23,4,11,44),
    (1004,29,23,5,23.8,95.2),
    (1005,30,23,6,26.5,159),
    (1006,41,23,3,1,3),
    (1007,42,23,1,26,26),
    (1008,43,23,9,12,108),
    (1009,44,23,8,17,136),
    (1010,55,23,6,19,114),
    (1011,56,23,6,16,96),
    (1012,57,23,2,11,22),
    (1013,58,23,3,9,27),
    (1014,85,23,7,4,28),
    (1015,86,23,9,16.85,151.65),
    (1016,87,23,5,17.32,86.6),
    (1017,88,23,3,19,57),
    (1018,112,23,12,19,228),
    (1019,113,23,9,5.6,50.4),
    (1020,114,23,3,16,48),
    (1021,115,23,2,8.99,17.98),
    (1022,135,23,1,4,4),
    (1023,136,23,4,25,100),
    (1024,137,23,1,23.96,23.96),
    (1025,138,23,6,11.99,71.94),
    (1026,159,23,3,28,84),
    (1027,160,23,7,25,175),
    (1028,161,23,8,7,56),
    (1029,162,23,5,5.5,27.5),

    (1000,1,24,3,22,66),
    (1001,2,24,2,29.5,59),
    (1002,27,24,1,21.2,21.2),
    (1003,28,24,7,11,77),
    (1004,29,24,9,23.8,166.6),
    (1005,30,24,6,26.5,159),
    (1006,41,24,3,1,3),
    (1007,42,24,2,26,52),
    (1008,43,24,2,12,24),
    (1009,44,24,4,17,68),
    (1010,55,24,1,19,19),
    (1011,56,24,2,16,32),
    (1012,57,24,9,11,99),
    (1013,58,24,7,9,63),
    (1014,85,24,5,4,20),
    (1015,86,24,6,16.85,101.1),
    (1016,87,24,3,17.32,51.96),
    (1017,88,24,1,19,19),
    (1018,112,24,3,19,57),
    (1019,113,24,6,5.6,33.6),
    (1020,114,24,4,16,64),
    (1021,115,24,5,8.99,44.95),
    (1022,135,24,9,4,36),
    (1023,136,24,8,25,200),
    (1024,137,24,2,23.96,47.92),
    (1025,138,24,3,11.99,35.97),
    (1026,159,24,6,28,168),
    (1027,160,24,7,25,175),
    (1028,161,24,5,7,35),
    (1029,162,24,1,5.5,5.5),

    (1000,1,25,9,22,198),
    (1001,2,25,0,29.5,0),
    (1002,27,25,9,21.2,190.8),
    (1003,28,25,6,11,66),
    (1004,29,25,6,23.8,142.8),
    (1005,30,25,24,26.5,636),
    (1006,41,25,2,1,2),
    (1007,42,25,9,26,234),
    (1008,43,25,8,12,96),
    (1009,44,25,7,17,119),
    (1010,55,25,5,19,95),
    (1011,56,25,4,16,64),
    (1012,57,25,24,11,264),
    (1013,58,25,1,9,9),
    (1014,85,25,0,4,0),
    (1015,86,25,5,16.85,84.25),
    (1016,87,25,7,17.32,121.24),
    (1017,88,25,4,19,76),
    (1018,112,25,2,19,38),
    (1019,113,25,0,5.6,0),
    (1020,114,25,9,16,144),
    (1021,115,25,7,8.99,62.93),
    (1022,135,25,6,4,24),
    (1023,136,25,1,25,25),
    (1024,137,25,2,23.96,47.92),
    (1025,138,25,3,11.99,35.97),
    (1026,159,25,5,28,140),
    (1027,160,25,9,25,225),
    (1028,161,25,7,7,49),
    (1029,162,25,6,5.5,33),

    (1000,1,26,9,22,198),
    (1001,2,26,1,29.5,29.5),
    (1002,27,26,3,21.2,63.6),
    (1003,28,26,6,11,66),
    (1004,29,26,8,23.8,142.8),
    (1005,30,26,5,26.5,132.5),
    (1006,41,26,3,1,3),
    (1007,42,26,0,26,0),
    (1008,43,26,1,12,12),
    (1009,44,26,8,17,136),
    (1010,55,26,9,19,171),
    (1011,56,26,7,16,112),
    (1012,57,26,3,11,33),
    (1013,58,26,6,9,54),
    (1014,85,26,3,4,12),
    (1015,86,26,1,16.85,16.85),
    (1016,87,26,5,17.32,86.6),
    (1017,88,26,3,19,57),
    (1018,112,26,1,19,19),
    (1019,113,26,4,5.6,22.4),
    (1020,114,26,3,16,48),
    (1021,115,26,2,8.99,17.98),
    (1022,135,26,4,4,16),
    (1023,136,26,8,25,200),
    (1024,137,26,6,23.96,143.76),
    (1025,138,26,1,11.99,11.99),
    (1026,159,26,5,28,140),
    (1027,160,26,3,25,75),
    (1028,161,26,6,7,42),
    (1029,162,26,8,5.5,44),

    (1000,1,27,1,22,22),
    (1001,2,27,8,29.5,236),
    (1002,27,27,1,21.2,21.2),
    (1003,28,27,2,11,22),
    (1004,29,27,6,23.8,47.6),
    (1005,30,27,5,26.5,132.5),
    (1006,41,27,3,1,3),
    (1007,42,27,5,26,130),
    (1008,43,27,1,12,12),
    (1009,44,27,4,17,68),
    (1010,55,27,6,19,114),
    (1011,56,27,3,16,48),
    (1012,57,27,1,11,11),
    (1013,58,27,5,9,45),
    (1014,85,27,1,4,4),
    (1015,86,27,9,16.85,151.65),
    (1016,87,27,6,17.32,103.92),
    (1017,88,27,4,19,76),
    (1018,112,27,7,19,133),
    (1019,113,27,8,5.6,44.8),
    (1020,114,27,6,16,96),
    (1021,115,27,3,8.99,26.97),
    (1022,135,27,2,4,8),
    (1023,136,27,1,25,25),
    (1024,137,27,4,23.96,95.84),
    (1025,138,27,5,11.99,59.95),
    (1026,159,27,2,28,56),
    (1027,160,27,3,25,75),
    (1028,161,27,9,7,63),
    (1029,162,27,8,5.5,44),

    (1000,1,28,2,22,44),
    (1001,2,28,4,29.5,118),
    (1002,27,28,3,21.2,63.6),
    (1003,28,28,2,11,22),
    (1004,29,28,1,23.8,47.6),
    (1005,30,28,9,26.5,238.5),
    (1006,41,28,8,1,8),
    (1007,42,28,3,26,78),
    (1008,43,28,4,12,48),
    (1009,44,28,9,17,153),
    (1010,55,28,6,19,114),
    (1011,56,28,5,16,80),
    (1012,57,28,8,11,88),
    (1013,58,28,2,9,18),
    (1014,85,28,7,4,28),
    (1015,86,28,1,16.85,16.85),
    (1016,87,28,3,17.32,51.96),
    (1017,88,28,6,19,114),
    (1018,112,28,4,19,76),
    (1019,113,28,8,5.6,44.8),
    (1020,114,28,5,16,80),
    (1021,115,28,3,8.99,26.97),
    (1022,135,28,1,4,4),
    (1023,136,28,7,25,175),
    (1024,137,28,8,23.96,191.68),
    (1025,138,28,6,11.99,71.94),
    (1026,159,28,5,28,140),
    (1027,160,28,1,25,25),
    (1028,161,28,2,7,14),
    (1029,162,28,3,5.5,16.5),

    (1000,1,29,10,22,220),
    (1001,2,29,1,29.5,29.5),
    (1002,27,29,4,21.2,84.8),
    (1003,28,29,6,11,66),
    (1004,29,29,7,23.8,142.8),
    (1005,30,29,6,26.5,159),
    (1006,41,29,3,1,3),
    (1007,42,29,2,26,52),
    (1008,43,29,8,12,96),
    (1009,44,29,9,17,153),
    (1010,55,29,2,19,38),
    (1011,56,29,4,16,64),
    (1012,57,29,2,11,22),
    (1013,58,29,5,9,45),
    (1014,85,29,8,4,32),
    (1015,86,29,3,16.85,50.55),
    (1016,87,29,2,17.32,34.64),
    (1017,88,29,7,19,133),
    (1018,112,29,6,19,114),
    (1019,113,29,5,5.6,28),
    (1020,114,29,1,16,16),
    (1021,115,29,6,8.99,53.94),
    (1022,135,29,5,4,20),
    (1023,136,29,4,25,100),
    (1024,137,29,7,23.96,167.72),
    (1025,138,29,3,11.99,35.97),
    (1026,159,29,2,28,56),
    (1027,160,29,8,25,200),
    (1028,161,29,1,7,7),
    (1029,162,29,9,5.5,49.5),

    (1000,1,30,2,22,44),
    (1001,2,30,3,29.5,88.5),
    (1002,27,30,2,21.2,42.4),
    (1003,28,30,7,11,77),
    (1004,29,30,8,23.8,166.6),
    (1005,30,30,3,26.5,79.5),
    (1006,41,30,2,1,2),
    (1007,42,30,1,26,26),
    (1008,43,30,4,12,48),
    (1009,44,30,1,17,17),
    (1010,55,30,2,19,38),
    (1011,56,30,6,16,96),
    (1012,57,30,8,11,88),
    (1013,58,30,4,9,36),
    (1014,85,30,5,4,20),
    (1015,86,30,6,16.85,101.1),
    (1016,87,30,2,17.32,34.64),
    (1017,88,30,7,19,133),
    (1018,112,30,4,19,76),
    (1019,113,30,3,5.6,16.8),
    (1020,114,30,9,16,144),
    (1021,115,30,4,8.99,35.96),
    (1022,135,30,5,4,20),
    (1023,136,30,6,25,150),
    (1024,137,30,3,23.96,71.88),
    (1025,138,30,7,11.99,83.93),
    (1026,159,30,8,28,224),
    (1027,160,30,2,25,50),
    (1028,161,30,9,7,63),
    (1029,162,30,1,5.5,5.5);
















